title,price
(316) Guia Retrátil Avant Garde Coração Sm,"R$ 169,53"
Präimplantationsdiagnostik (PID) - Die genetische Diagnose vor Eintritt der Schwangerschaft,"R$ 110,42"
Livro - Gestão de negociação: Como conseguir o que se quer sem ceder o que não se deve,"R$ 47,52"
Sciences-techniques.com - Cahier D´activites,"R$ 88,30"
Modelação Por Superfícies e Híbrida em Solidworks,"R$ 212,38"
Capa Almofada Arabesco Marinho,"R$ 26,00"
Livros - The Noise Pollution in Albania,"R$ 143,05"
Livros - Tracking Terrorism in Africa:Link and Content Analysis of Bo,"R$ 306,40"
Livros - Operational Research And Applications In Quality Management,"R$ 227,20"
"""a3"" La Herramienta Para Optimizar Procesos En Cadenas De Su","R$ 133,15"
Livros - Effects Of E-commerce On Business Profitability,"R$ 177,70"
Livros - Genetic Studies Of Yield And Its Component In Castor Ricinus,"R$ 306,40"
As Crianças Pequenas Anunciam E Manifestam,"R$ 182,66"
Livros - A Study Of The Mathematical Models Related To Diffusion Disp,"R$ 197,50"
Livros - G-jitter Mixed Convection Flow Of Nanofluid,"R$ 177,70"
Livros - Pattern Of Extended-spectrum Beta-lactamase Producing Bacter,"R$ 271,76"
Livros - Basics of Rheumatoid Arthritis,"R$ 177,70"
Livros - Encyclopedia Of Mughal India,"R$ 197,50"
"Livros - Development, Displacement And Rehabilitation","R$ 271,76"
Livros - The Curse Of Blackness,"R$ 197,50"
¿¿¿¿¿¿¿ ¿¿¿¿¿¿ ¿¿¿¿¿¿ ¿¿¿¿¿¿ ¿¿ ¿¿¿¿¿¿¿ ¿¿¿¿¿¿¿ ¿¿¿¿¿¿¿¿,"R$ 177,70"
Livros - Mcqs In Immunology,"R$ 369,90"
Manejo De Los Desechos Sólidos En La Ute,"R$ 271,76"
Livros - Intensive Care,"R$ 118,30"
